First Name,Last Name,Email,Phone,Company
Jane,Smith,jane.smith@example.com,(342) 854-2679,acme corp
David,Smith,david.smith@gmail.com,(438) 617-1434,Global LLC
David,Davis,david.davis@business.org,(206) 877-3615,NextGen Realty
Sarah,Miller,sarah.miller@yahoo.com,(981) 444-2674,acme corp
David,Johnson,david.johnson@example.com,(818) 370-1711,nextgen realty
Jane,Moore,jane.moore@gmail.com,(843) 733-6925,Global LLC
Jane,Smith,jane.smith@yahoo.com,(281) 975-4814,acme corp
David,Miller,david.miller@business.org,(573) 266-7065,prime builders
Bob,Miller,bob.miller@gmail.com,(375) 646-5010,GLOBAL LLC
Emily,Moore,emily.moore@example.com,(855) 804-4598,prime builders
John,Davis,john.davis@gmail.com,(610) 374-2084,Global LLC
Sarah,Davis,sarah.davis@business.org,(858) 569-3340,Prime Builders
Alice,Davis,alice.davis@example.com,(638) 697-7543,prime builders
Bob,Brown,bob.brown@business.org,(248) 981-2796,GLOBAL LLC
Alice,Moore,alice.moore@gmail.com,(810) 579-9669,Prime Builders
John,Johnson,john.johnson@example.com,(548) 214-5808,NextGen Realty
Alice,Taylor,alice.taylor@gmail.com,(936) 369-9201,GLOBAL LLC
Jane,Miller,jane.miller@yahoo.com,(980) 265-9837,Acme Corp
Sarah,Taylor,sarah.taylor@gmail.com,(571) 999-6038,Global LLC
John,Davis,john.davis@gmail.com,(697) 935-2133,GLOBAL LLC
Alice,Taylor,alice.taylor@yahoo.com,(821) 533-4470,Global LLC
Michael,Moore,michael.moore@example.com,(729) 562-2982,Global LLC
Bob,Johnson,bob.johnson@example.com,(767) 335-4608,Acme Corp
Jane,Smith,jane.smith@yahoo.com,(232) 980-6413,acme corp
Bob,Miller,bob.miller@business.org,(335) 840-8744,Global LLC
Emily,Moore,emily.moore@yahoo.com,(874) 541-6804,NextGen Realty
David,Taylor,david.taylor@gmail.com,(861) 200-1993,NextGen Realty
Sarah,Johnson,sarah.johnson@yahoo.com,(749) 559-3296,NextGen Realty
Alice,Miller,alice.miller@business.org,(277) 553-2604,Acme Corp
John,Johnson,john.johnson@yahoo.com,(697) 592-4502,NextGen Realty
John,Brown,john.brown@business.org,(599) 371-8454,Prime Builders
David,Taylor,david.taylor@yahoo.com,(422) 159-9883,Acme Corp
Sarah,Smith,sarah.smith@gmail.com,(714) 973-9701,GLOBAL LLC
John,Johnson,john.johnson@yahoo.com,(269) 791-4853,NextGen Realty
Jane,Davis,jane.davis@gmail.com,(629) 773-9565,prime builders
Michael,Davis,michael.davis@example.com,(605) 234-5915,nextgen realty
Sarah,Johnson,sarah.johnson@gmail.com,(776) 202-2200,Global LLC
Michael,Brown,michael.brown@example.com,(450) 478-5669,GLOBAL LLC
Emily,Miller,emily.miller@gmail.com,(767) 406-2697,GLOBAL LLC
Michael,Johnson,michael.johnson@gmail.com,(359) 378-5616,Global LLC
Sarah,Davis,sarah.davis@example.com,(457) 966-1832,acme corp
David,Miller,david.miller@gmail.com,(989) 233-5291,GLOBAL LLC
Emily,Moore,emily.moore@gmail.com,(907) 252-9938,Acme Corp
Sarah,Brown,sarah.brown@business.org,(515) 473-1653,prime builders
Bob,Davis,bob.davis@gmail.com,(773) 995-7658,GLOBAL LLC
Bob,Brown,bob.brown@yahoo.com,(225) 283-6442,NextGen Realty
Bob,Miller,bob.miller@yahoo.com,(310) 491-1634,nextgen realty
Bob,Davis,bob.davis@business.org,(433) 328-1387,Global LLC
David,Wilson,david.wilson@example.com,(991) 385-6753,NextGen Realty
Sarah,Smith,sarah.smith@gmail.com,(467) 282-5349,Acme Corp
Jane,Moore,jane.moore@example.com,(521) 546-9379,acme corp
David,Davis,david.davis@example.com,(646) 101-9518,Global LLC
Sarah,Moore,sarah.moore@gmail.com,(538) 738-6143,acme corp
Michael,Miller,michael.miller@business.org,(913) 402-3085,Global LLC
David,Moore,david.moore@yahoo.com,(508) 515-9977,Acme Corp
Michael,Miller,michael.miller@yahoo.com,(793) 721-6279,nextgen realty
Emily,Taylor,emily.taylor@yahoo.com,(953) 273-2389,Prime Builders
Sarah,Johnson,sarah.johnson@yahoo.com,(430) 925-4262,GLOBAL LLC
John,Smith,john.smith@yahoo.com,(825) 970-2193,nextgen realty
David,Davis,david.davis@business.org,(449) 251-1090,acme corp
David,Davis,david.davis@yahoo.com,(912) 630-8611,Acme Corp
Bob,Johnson,bob.johnson@business.org,(675) 783-9702,prime builders
Emily,Moore,emily.moore@business.org,(961) 982-8777,nextgen realty
Michael,Davis,michael.davis@example.com,(733) 596-4919,Prime Builders
Emily,Johnson,emily.johnson@example.com,(543) 427-9849,acme corp
Alice,Brown,alice.brown@yahoo.com,(356) 823-4505,acme corp
David,Moore,david.moore@example.com,(625) 163-4388,NextGen Realty
David,Smith,david.smith@business.org,(560) 405-7389,NextGen Realty
Bob,Taylor,bob.taylor@yahoo.com,(697) 129-7371,prime builders
David,Brown,david.brown@business.org,(837) 646-1441,NextGen Realty
John,Johnson,john.johnson@business.org,(672) 286-1823,Prime Builders
David,Wilson,david.wilson@yahoo.com,(545) 879-7211,Prime Builders
David,Miller,david.miller@gmail.com,(967) 652-1853,prime builders
Bob,Johnson,bob.johnson@gmail.com,(453) 304-1333,GLOBAL LLC
Bob,Brown,bob.brown@business.org,(777) 323-8619,Prime Builders
Sarah,Brown,sarah.brown@gmail.com,(367) 418-2771,Acme Corp
Michael,Moore,michael.moore@business.org,(403) 177-4978,acme corp
Michael,Johnson,michael.johnson@gmail.com,(638) 777-7071,acme corp
Sarah,Smith,sarah.smith@business.org,(308) 543-6934,nextgen realty
Alice,Moore,alice.moore@yahoo.com,(866) 376-9817,nextgen realty
Emily,Moore,emily.moore@example.com,(451) 950-2419,Prime Builders
Emily,Davis,emily.davis@business.org,(884) 488-6511,Acme Corp
Emily,Wilson,emily.wilson@yahoo.com,(563) 916-5232,prime builders
Michael,Miller,michael.miller@gmail.com,(395) 187-4954,NextGen Realty
Emily,Davis,emily.davis@business.org,(702) 558-1282,acme corp
Michael,Davis,michael.davis@business.org,(513) 779-7046,nextgen realty
Sarah,Moore,sarah.moore@example.com,(664) 377-6023,Prime Builders
Bob,Johnson,bob.johnson@yahoo.com,(960) 648-4033,Global LLC
Bob,Taylor,bob.taylor@example.com,(978) 637-5636,acme corp
Bob,Miller,bob.miller@yahoo.com,(509) 114-9751,GLOBAL LLC
Michael,Smith,michael.smith@gmail.com,(914) 229-9042,acme corp
John,Miller,john.miller@business.org,(548) 288-1841,Prime Builders
Emily,Johnson,emily.johnson@gmail.com,(275) 690-1878,GLOBAL LLC
Alice,Miller,alice.miller@gmail.com,(321) 671-7818,Global LLC
David,Taylor,david.taylor@business.org,(802) 539-6003,Acme Corp
Jane,Davis,jane.davis@yahoo.com,(283) 260-4929,GLOBAL LLC
Jane,Brown,jane.brown@gmail.com,(905) 708-8699,Prime Builders
John,Davis,john.davis@example.com,(919) 980-8438,acme corp
Bob,Miller,bob.miller@yahoo.com,(757) 330-3441,Prime Builders
Alice,Johnson,alice.johnson@gmail.com,(514) 709-5728,nextgen realty
Jane,Taylor,jane.taylor@example.com,(478) 612-9847,nextgen realty
Emily,Johnson,emily.johnson@gmail.com,(952) 430-5102,Acme Corp
Jane,Davis,jane.davis@gmail.com,(888) 941-5415,Acme Corp
Alice,Taylor,alice.taylor@business.org,(385) 699-8141,nextgen realty
Jane,Taylor,jane.taylor@example.com,(528) 786-2713,GLOBAL LLC
Sarah,Moore,sarah.moore@business.org,(610) 933-1601,nextgen realty
Jane,Wilson,jane.wilson@example.com,(991) 513-9431,Acme Corp
Emily,Moore,emily.moore@gmail.com,(570) 737-9167,nextgen realty
John,Davis,john.davis@example.com,(494) 548-8941,acme corp
John,Davis,john.davis@yahoo.com,(214) 665-7684,acme corp
Bob,Johnson,bob.johnson@business.org,(863) 952-3522,nextgen realty
Michael,Miller,michael.miller@business.org,(683) 349-8483,GLOBAL LLC
David,Davis,david.davis@yahoo.com,(482) 891-7798,prime builders
Michael,Smith,michael.smith@example.com,(801) 693-9022,GLOBAL LLC
Emily,Taylor,emily.taylor@example.com,(981) 656-7180,nextgen realty
Sarah,Davis,sarah.davis@yahoo.com,(439) 976-7730,Acme Corp
Sarah,Taylor,sarah.taylor@business.org,(879) 911-3492,nextgen realty
John,Brown,john.brown@example.com,(650) 202-9617,nextgen realty
John,Brown,john.brown@business.org,(358) 176-8692,Prime Builders
Sarah,Moore,sarah.moore@gmail.com,(890) 979-9742,NextGen Realty
Sarah,Taylor,sarah.taylor@gmail.com,(440) 746-5708,Global LLC
Jane,Moore,jane.moore@gmail.com,(920) 993-2646,nextgen realty
Alice,Miller,alice.miller@gmail.com,(257) 400-6873,prime builders
David,Brown,david.brown@yahoo.com,(779) 798-3950,GLOBAL LLC
Alice,Johnson,alice.johnson@business.org,(446) 609-3344,Global LLC
Emily,Miller,emily.miller@business.org,(209) 923-8622,Prime Builders
Alice,Johnson,alice.johnson@business.org,(801) 406-7951,Prime Builders
Emily,Miller,emily.miller@yahoo.com,(694) 209-4886,NextGen Realty
Sarah,Miller,sarah.miller@example.com,(874) 505-5497,Acme Corp
John,Taylor,john.taylor@example.com,(435) 721-6772,Global LLC
Bob,Miller,bob.miller@yahoo.com,(842) 761-1645,Prime Builders
Emily,Smith,emily.smith@example.com,(292) 402-6352,NextGen Realty
Alice,Davis,alice.davis@yahoo.com,(574) 643-9221,Prime Builders
Alice,Miller,alice.miller@business.org,(502) 864-6549,acme corp
Emily,Johnson,emily.johnson@yahoo.com,(431) 980-7511,prime builders
Jane,Moore,jane.moore@gmail.com,(326) 565-7038,Prime Builders
David,Wilson,david.wilson@gmail.com,(682) 125-6374,Global LLC
Jane,Taylor,jane.taylor@example.com,(319) 243-1742,Acme Corp
Michael,Taylor,michael.taylor@gmail.com,(750) 238-7367,nextgen realty
Sarah,Moore,sarah.moore@yahoo.com,(870) 201-9017,NextGen Realty
Michael,Smith,michael.smith@example.com,(655) 341-6942,acme corp
Sarah,Wilson,sarah.wilson@gmail.com,(394) 225-8450,acme corp
Bob,Smith,bob.smith@gmail.com,(449) 228-4362,acme corp
Bob,Davis,bob.davis@yahoo.com,(351) 907-1046,Prime Builders
Alice,Brown,alice.brown@example.com,(312) 776-1422,GLOBAL LLC
John,Wilson,john.wilson@yahoo.com,(216) 278-5347,Acme Corp
Alice,Moore,alice.moore@gmail.com,(687) 559-6931,acme corp
Emily,Davis,emily.davis@gmail.com,(874) 633-5941,nextgen realty
John,Smith,john.smith@business.org,(636) 802-2768,nextgen realty
Emily,Johnson,emily.johnson@gmail.com,(351) 167-3067,Prime Builders
Sarah,Moore,sarah.moore@example.com,(819) 540-2624,acme corp
Bob,Moore,bob.moore@business.org,(623) 447-8430,NextGen Realty
David,Johnson,david.johnson@example.com,(881) 361-7132,GLOBAL LLC
Emily,Johnson,emily.johnson@gmail.com,(295) 542-2582,prime builders
Alice,Smith,alice.smith@example.com,(620) 462-7929,Acme Corp
Michael,Miller,michael.miller@example.com,(719) 317-3535,nextgen realty
Bob,Johnson,bob.johnson@example.com,(576) 217-5564,Global LLC
David,Smith,david.smith@example.com,(479) 819-6062,prime builders
Sarah,Smith,sarah.smith@yahoo.com,(779) 773-7566,acme corp
Alice,Smith,alice.smith@gmail.com,(420) 485-7878,nextgen realty
Sarah,Brown,sarah.brown@example.com,(532) 895-2391,Acme Corp
Alice,Brown,alice.brown@gmail.com,(478) 553-7947,nextgen realty
Emily,Moore,emily.moore@example.com,(724) 216-6655,NextGen Realty
Jane,Miller,jane.miller@business.org,(515) 146-4612,NextGen Realty
John,Smith,john.smith@yahoo.com,(416) 885-3248,Prime Builders
Michael,Wilson,michael.wilson@gmail.com,(964) 540-3878,GLOBAL LLC
David,Davis,david.davis@example.com,(959) 143-8147,Acme Corp
Emily,Johnson,emily.johnson@example.com,(787) 514-7843,Prime Builders
Jane,Moore,jane.moore@gmail.com,(375) 920-8538,prime builders
Jane,Moore,jane.moore@gmail.com,(803) 510-9584,acme corp
David,Miller,david.miller@example.com,(997) 272-2251,acme corp
Bob,Wilson,bob.wilson@example.com,(860) 934-3419,Global LLC
Jane,Brown,jane.brown@example.com,(816) 256-2234,GLOBAL LLC
Emily,Taylor,emily.taylor@business.org,(778) 758-6295,prime builders
Alice,Taylor,alice.taylor@gmail.com,(846) 410-5500,Acme Corp
Sarah,Johnson,sarah.johnson@example.com,(238) 158-7041,Prime Builders
Jane,Johnson,jane.johnson@business.org,(767) 910-1672,nextgen realty
Bob,Wilson,bob.wilson@business.org,(263) 561-2695,prime builders
Jane,Brown,jane.brown@gmail.com,(648) 549-9586,GLOBAL LLC
Sarah,Wilson,sarah.wilson@example.com,(993) 446-1857,prime builders
Jane,Wilson,jane.wilson@gmail.com,(595) 390-5128,GLOBAL LLC
Sarah,Johnson,sarah.johnson@yahoo.com,(517) 771-7421,GLOBAL LLC
Jane,Miller,jane.miller@business.org,(536) 932-3093,acme corp
David,Wilson,david.wilson@gmail.com,(384) 319-6598,nextgen realty
Bob,Davis,bob.davis@yahoo.com,(502) 964-2657,Acme Corp
Sarah,Brown,sarah.brown@business.org,(385) 951-3712,nextgen realty
John,Moore,john.moore@example.com,(443) 554-5668,nextgen realty
Bob,Davis,bob.davis@example.com,(680) 955-4178,prime builders
Emily,Taylor,emily.taylor@example.com,(714) 640-7859,GLOBAL LLC
Bob,Brown,bob.brown@example.com,(692) 995-7081,acme corp
Jane,Miller,jane.miller@gmail.com,(479) 560-9410,GLOBAL LLC
David,Johnson,david.johnson@yahoo.com,(557) 127-7797,Acme Corp
David,Wilson,david.wilson@yahoo.com,(283) 483-4678,Acme Corp
Sarah,Johnson,sarah.johnson@example.com,(340) 139-5700,nextgen realty
Alice,Taylor,alice.taylor@business.org,(281) 119-5193,Global LLC
Alice,Moore,alice.moore@gmail.com,(443) 408-2996,Acme Corp
Bob,Moore,bob.moore@business.org,(711) 711-9782,Acme Corp
Bob,Brown,bob.brown@example.com,(829) 461-4941,NextGen Realty
Alice,Johnson,alice.johnson@example.com,(738) 657-9312,Acme Corp
David,Taylor,david.taylor@gmail.com,(582) 359-1266,prime builders
Jane,Wilson,jane.wilson@yahoo.com,(843) 206-6447,GLOBAL LLC
John,Wilson,john.wilson@example.com,(379) 950-8612,nextgen realty
Alice,Brown,alice.brown@gmail.com,(668) 137-5807,Global LLC
John,Davis,john.davis@gmail.com,(517) 627-7524,nextgen realty
Michael,Smith,michael.smith@yahoo.com,(999) 148-6438,Prime Builders
Jane,Wilson,jane.wilson@business.org,(961) 550-7334,prime builders
Alice,Taylor,alice.taylor@business.org,(731) 373-2353,NextGen Realty
Jane,Moore,jane.moore@yahoo.com,(528) 205-2311,prime builders
Michael,Miller,michael.miller@business.org,(636) 270-8272,prime builders
Emily,Smith,emily.smith@example.com,(645) 381-1939,acme corp
David,Wilson,david.wilson@yahoo.com,(346) 969-8179,Acme Corp
Alice,Johnson,alice.johnson@yahoo.com,(575) 470-7272,Acme Corp
Alice,Taylor,alice.taylor@example.com,(981) 178-3255,prime builders
David,Wilson,david.wilson@example.com,(316) 126-4048,nextgen realty
David,Johnson,david.johnson@example.com,(920) 556-4515,Prime Builders
Emily,Davis,emily.davis@gmail.com,(275) 562-3828,nextgen realty
Jane,Wilson,jane.wilson@example.com,(763) 655-5757,Prime Builders
Alice,Brown,alice.brown@example.com,(324) 305-3275,Global LLC
Emily,Smith,emily.smith@example.com,(577) 578-3126,acme corp
Jane,Miller,jane.miller@business.org,(936) 590-9612,NextGen Realty
David,Johnson,david.johnson@yahoo.com,(857) 175-8372,nextgen realty
Sarah,Brown,sarah.brown@yahoo.com,(332) 543-9238,Acme Corp
Jane,Brown,jane.brown@example.com,(530) 826-4694,prime builders
Michael,Johnson,michael.johnson@example.com,(764) 381-3050,Prime Builders
Jane,Brown,jane.brown@yahoo.com,(839) 837-6531,Acme Corp
John,Johnson,john.johnson@gmail.com,(989) 690-5336,Global LLC
David,Smith,david.smith@business.org,(758) 396-5949,nextgen realty
Bob,Moore,bob.moore@example.com,(905) 161-3589,nextgen realty
David,Taylor,david.taylor@business.org,(821) 247-6121,prime builders
Sarah,Moore,sarah.moore@yahoo.com,(727) 675-2739,prime builders
Bob,Taylor,bob.taylor@gmail.com,(453) 244-2586,Acme Corp
Michael,Moore,michael.moore@business.org,(363) 933-6364,prime builders
Bob,Brown,bob.brown@business.org,(678) 610-6055,nextgen realty
John,Johnson,john.johnson@business.org,(446) 320-6781,Acme Corp
John,Miller,john.miller@business.org,(869) 788-8710,Prime Builders
John,Johnson,john.johnson@business.org,(470) 844-6992,NextGen Realty
Sarah,Smith,sarah.smith@business.org,(775) 299-6939,Prime Builders
Jane,Moore,jane.moore@business.org,(486) 945-2946,GLOBAL LLC
Jane,Moore,jane.moore@example.com,(547) 671-6990,GLOBAL LLC
Bob,Moore,bob.moore@gmail.com,(340) 830-6456,nextgen realty
Emily,Brown,emily.brown@yahoo.com,(827) 426-3662,NextGen Realty
Michael,Wilson,michael.wilson@business.org,(506) 586-1272,prime builders
Sarah,Johnson,sarah.johnson@business.org,(942) 993-1436,nextgen realty
Michael,Davis,michael.davis@gmail.com,(374) 636-7229,GLOBAL LLC
Bob,Smith,bob.smith@gmail.com,(651) 421-7861,GLOBAL LLC
David,Davis,david.davis@business.org,(826) 582-2020,GLOBAL LLC
Bob,Wilson,bob.wilson@business.org,(521) 277-8531,prime builders
Sarah,Miller,sarah.miller@business.org,(452) 385-5890,Global LLC
Michael,Miller,michael.miller@yahoo.com,(700) 424-8861,prime builders
Michael,Miller,michael.miller@gmail.com,(756) 488-7464,prime builders
Alice,Miller,alice.miller@gmail.com,(931) 180-6674,nextgen realty
Michael,Taylor,michael.taylor@yahoo.com,(751) 377-5450,GLOBAL LLC
Jane,Davis,jane.davis@yahoo.com,(743) 331-4814,Acme Corp
Jane,Moore,jane.moore@example.com,(302) 797-3252,Acme Corp
Alice,Moore,alice.moore@business.org,(404) 874-5706,prime builders
Michael,Smith,michael.smith@gmail.com,(437) 647-1611,GLOBAL LLC
David,Brown,david.brown@gmail.com,(606) 906-9116,GLOBAL LLC
Michael,Smith,michael.smith@gmail.com,(817) 209-6489,Prime Builders
Emily,Taylor,emily.taylor@yahoo.com,(679) 379-4159,acme corp
Sarah,Brown,sarah.brown@business.org,(935) 290-1230,prime builders
Michael,Davis,michael.davis@yahoo.com,(854) 515-8007,prime builders
Jane,Moore,jane.moore@gmail.com,(343) 588-6301,Global LLC
John,Miller,john.miller@business.org,(971) 373-6400,Prime Builders
John,Miller,john.miller@example.com,(263) 783-2936,nextgen realty
Michael,Brown,michael.brown@business.org,(920) 888-6095,acme corp
Michael,Wilson,michael.wilson@yahoo.com,(336) 589-3509,nextgen realty
Sarah,Moore,sarah.moore@business.org,(880) 945-4578,Global LLC
Jane,Taylor,jane.taylor@example.com,(777) 214-2011,Global LLC
Alice,Brown,alice.brown@example.com,(652) 219-4365,nextgen realty
Jane,Taylor,jane.taylor@gmail.com,(725) 525-8484,Acme Corp
Emily,Miller,emily.miller@gmail.com,(203) 863-4570,acme corp
John,Moore,john.moore@example.com,(754) 161-2130,nextgen realty
John,Miller,john.miller@business.org,(338) 884-7887,prime builders
David,Taylor,david.taylor@business.org,(899) 777-9835,GLOBAL LLC
Sarah,Johnson,sarah.johnson@yahoo.com,(602) 641-3086,Global LLC
John,Smith,john.smith@example.com,(936) 657-7948,NextGen Realty
Bob,Davis,bob.davis@business.org,(482) 293-2848,Acme Corp
David,Smith,david.smith@yahoo.com,(303) 708-1550,nextgen realty
John,Davis,john.davis@gmail.com,(439) 652-4559,Acme Corp
Alice,Miller,alice.miller@yahoo.com,(949) 689-6224,prime builders
Bob,Miller,bob.miller@yahoo.com,(733) 326-7775,Prime Builders
Michael,Smith,michael.smith@yahoo.com,(637) 669-9120,Acme Corp
Sarah,Moore,sarah.moore@example.com,(618) 252-5913,NextGen Realty
Alice,Taylor,alice.taylor@yahoo.com,(507) 978-3365,nextgen realty
John,Moore,john.moore@business.org,(337) 497-4978,Prime Builders
Bob,Wilson,bob.wilson@gmail.com,(579) 194-9775,Global LLC
John,Miller,john.miller@business.org,(817) 140-2192,Global LLC
Bob,Taylor,bob.taylor@yahoo.com,(540) 410-1251,Global LLC
Bob,Johnson,bob.johnson@business.org,(912) 718-4350,NextGen Realty
Bob,Wilson,bob.wilson@example.com,(746) 764-6886,Prime Builders
Michael,Wilson,michael.wilson@business.org,(939) 580-6246,Global LLC
Sarah,Wilson,sarah.wilson@business.org,(426) 859-3390,Acme Corp
Michael,Moore,michael.moore@example.com,(537) 335-7223,Global LLC
Emily,Wilson,emily.wilson@example.com,(700) 840-9037,nextgen realty
Alice,Wilson,alice.wilson@yahoo.com,(759) 600-4015,Acme Corp
John,Johnson,john.johnson@gmail.com,(622) 240-4791,acme corp
Alice,Smith,alice.smith@yahoo.com,(582) 161-8916,nextgen realty
John,Smith,john.smith@business.org,(742) 839-5501,Prime Builders
John,Moore,john.moore@yahoo.com,(298) 636-3439,Global LLC
Bob,Miller,bob.miller@example.com,(606) 180-7112,NextGen Realty
Emily,Davis,emily.davis@yahoo.com,(282) 769-1519,acme corp
David,Moore,david.moore@business.org,(257) 752-1154,GLOBAL LLC
Jane,Taylor,jane.taylor@business.org,(539) 679-2562,Acme Corp
Bob,Davis,bob.davis@business.org,(276) 800-5593,Acme Corp
Alice,Wilson,alice.wilson@gmail.com,(801) 247-7525,acme corp
Michael,Brown,michael.brown@yahoo.com,(598) 793-9856,prime builders
David,Brown,david.brown@gmail.com,(554) 154-2600,NextGen Realty
Bob,Johnson,bob.johnson@example.com,(828) 709-7499,prime builders
John,Miller,john.miller@business.org,(564) 666-7150,NextGen Realty
Alice,Moore,alice.moore@gmail.com,(502) 917-5037,acme corp
Jane,Miller,jane.miller@yahoo.com,(849) 257-7383,prime builders
Sarah,Johnson,sarah.johnson@gmail.com,(515) 555-6896,Prime Builders
Jane,Brown,jane.brown@gmail.com,(659) 670-9395,NextGen Realty
Jane,Smith,jane.smith@gmail.com,(295) 711-6315,NextGen Realty
John,Miller,john.miller@business.org,(286) 842-4977,GLOBAL LLC
David,Brown,david.brown@yahoo.com,(474) 604-3390,acme corp
Alice,Moore,alice.moore@example.com,(695) 901-2260,prime builders
Michael,Davis,michael.davis@business.org,(400) 568-2752,GLOBAL LLC
Michael,Smith,michael.smith@business.org,(835) 489-6399,nextgen realty
Sarah,Moore,sarah.moore@yahoo.com,(817) 811-4290,nextgen realty
Sarah,Brown,sarah.brown@business.org,(498) 852-9044,Global LLC
Sarah,Moore,sarah.moore@example.com,(602) 473-2865,Global LLC
Alice,Smith,alice.smith@business.org,(414) 548-5773,acme corp
David,Taylor,david.taylor@yahoo.com,(447) 358-3525,NextGen Realty
David,Johnson,david.johnson@business.org,(690) 696-7566,NextGen Realty
John,Wilson,john.wilson@gmail.com,(454) 773-6816,GLOBAL LLC
John,Moore,john.moore@example.com,(640) 208-1172,acme corp
Michael,Davis,michael.davis@yahoo.com,(600) 574-9199,GLOBAL LLC
Sarah,Smith,sarah.smith@business.org,(625) 187-2901,GLOBAL LLC
Sarah,Miller,sarah.miller@example.com,(411) 633-8912,prime builders
Emily,Johnson,emily.johnson@business.org,(663) 426-2100,Prime Builders
John,Johnson,john.johnson@gmail.com,(863) 211-3692,Global LLC
Alice,Brown,alice.brown@example.com,(673) 337-7636,GLOBAL LLC
Alice,Moore,alice.moore@business.org,(828) 302-8365,NextGen Realty
David,Smith,david.smith@yahoo.com,(970) 820-2025,acme corp
Alice,Wilson,alice.wilson@example.com,(316) 368-9019,prime builders
David,Moore,david.moore@gmail.com,(668) 732-3826,Prime Builders
Jane,Brown,jane.brown@example.com,(512) 219-3999,prime builders
Alice,Moore,alice.moore@business.org,(788) 492-7931,GLOBAL LLC
Emily,Brown,emily.brown@yahoo.com,(343) 291-6154,nextgen realty
John,Wilson,john.wilson@gmail.com,(399) 934-7290,nextgen realty
David,Taylor,david.taylor@business.org,(654) 600-3740,acme corp
John,Davis,john.davis@example.com,(430) 650-5729,GLOBAL LLC
Emily,Taylor,emily.taylor@gmail.com,(474) 893-9898,prime builders
John,Taylor,john.taylor@yahoo.com,(304) 853-5055,Prime Builders
John,Taylor,john.taylor@example.com,(289) 549-2923,Global LLC
Bob,Wilson,bob.wilson@business.org,(342) 903-4385,Global LLC
John,Wilson,john.wilson@example.com,(372) 431-5794,Prime Builders
Michael,Johnson,michael.johnson@yahoo.com,(621) 160-5543,GLOBAL LLC
Alice,Davis,alice.davis@yahoo.com,(453) 879-7434,nextgen realty
Alice,Miller,alice.miller@business.org,(277) 748-2525,NextGen Realty
Michael,Wilson,michael.wilson@business.org,(535) 695-1040,acme corp
Emily,Wilson,emily.wilson@gmail.com,(607) 323-8039,Global LLC
Emily,Miller,emily.miller@example.com,(545) 660-3139,nextgen realty
Sarah,Smith,sarah.smith@gmail.com,(670) 116-3035,GLOBAL LLC
Emily,Taylor,emily.taylor@gmail.com,(638) 307-3161,Prime Builders
Alice,Miller,alice.miller@gmail.com,(456) 184-7092,GLOBAL LLC
John,Moore,john.moore@example.com,(973) 339-8032,acme corp
Jane,Smith,jane.smith@yahoo.com,(335) 707-4705,nextgen realty
John,Smith,john.smith@example.com,(632) 810-3165,nextgen realty
Jane,Davis,jane.davis@business.org,(304) 205-6133,prime builders
Michael,Brown,michael.brown@business.org,(971) 995-3181,GLOBAL LLC
Jane,Smith,jane.smith@yahoo.com,(939) 318-3480,NextGen Realty
Emily,Davis,emily.davis@gmail.com,(343) 870-3017,NextGen Realty
Sarah,Moore,sarah.moore@example.com,(453) 383-2380,Global LLC
Michael,Smith,michael.smith@example.com,(821) 621-4090,NextGen Realty
Michael,Smith,michael.smith@yahoo.com,(315) 346-9185,acme corp
John,Wilson,john.wilson@example.com,(782) 530-6986,GLOBAL LLC
Emily,Johnson,emily.johnson@gmail.com,(214) 368-4534,Acme Corp
John,Moore,john.moore@example.com,(713) 885-7806,NextGen Realty
David,Johnson,david.johnson@yahoo.com,(517) 180-9377,Global LLC
Alice,Wilson,alice.wilson@business.org,(981) 954-2083,Prime Builders
David,Davis,david.davis@gmail.com,(644) 218-8428,Acme Corp
Michael,Brown,michael.brown@gmail.com,(340) 818-1185,GLOBAL LLC
Emily,Wilson,emily.wilson@example.com,(329) 867-5403,acme corp
John,Wilson,john.wilson@business.org,(265) 369-2262,nextgen realty
Emily,Wilson,emily.wilson@gmail.com,(780) 270-7024,GLOBAL LLC
Michael,Johnson,michael.johnson@gmail.com,(721) 102-1721,Acme Corp
Bob,Smith,bob.smith@business.org,(353) 283-1579,NextGen Realty
Bob,Wilson,bob.wilson@yahoo.com,(937) 427-5444,acme corp
Sarah,Johnson,sarah.johnson@gmail.com,(728) 147-7568,acme corp
Emily,Miller,emily.miller@example.com,(766) 567-1130,prime builders
Bob,Miller,bob.miller@example.com,(448) 575-7033,nextgen realty
Bob,Davis,bob.davis@yahoo.com,(619) 124-4817,prime builders
John,Wilson,john.wilson@gmail.com,(585) 969-6038,acme corp
Bob,Davis,bob.davis@business.org,(261) 245-5584,acme corp
John,Davis,john.davis@business.org,(581) 569-2391,acme corp
Alice,Moore,alice.moore@gmail.com,(263) 545-3141,Global LLC
Michael,Miller,michael.miller@example.com,(602) 817-6345,prime builders
Emily,Miller,emily.miller@yahoo.com,(407) 239-2785,GLOBAL LLC
Jane,Brown,jane.brown@business.org,(616) 223-9780,prime builders
Bob,Taylor,bob.taylor@example.com,(322) 192-3582,Prime Builders
John,Davis,john.davis@example.com,(928) 354-6828,NextGen Realty
John,Miller,john.miller@example.com,(378) 131-7625,nextgen realty
Bob,Johnson,bob.johnson@business.org,(343) 224-1195,Acme Corp
Bob,Brown,bob.brown@yahoo.com,(581) 802-2376,Prime Builders
Jane,Smith,jane.smith@gmail.com,(861) 554-3110,acme corp
Sarah,Johnson,sarah.johnson@gmail.com,(251) 272-8096,NextGen Realty
Emily,Smith,emily.smith@business.org,(376) 462-4517,GLOBAL LLC
Michael,Miller,michael.miller@business.org,(235) 728-5026,Prime Builders
Emily,Moore,emily.moore@business.org,(486) 492-3248,NextGen Realty
Bob,Davis,bob.davis@gmail.com,(930) 467-8859,nextgen realty
Sarah,Wilson,sarah.wilson@business.org,(226) 426-4588,Acme Corp
Michael,Smith,michael.smith@business.org,(985) 698-4813,GLOBAL LLC
Jane,Davis,jane.davis@yahoo.com,(954) 157-4594,NextGen Realty
Sarah,Brown,sarah.brown@yahoo.com,(525) 925-6878,Acme Corp
Sarah,Brown,sarah.brown@yahoo.com,(704) 655-6063,GLOBAL LLC
Emily,Smith,emily.smith@gmail.com,(816) 324-1326,nextgen realty
John,Wilson,john.wilson@yahoo.com,(548) 834-3907,prime builders
John,Smith,john.smith@yahoo.com,(345) 892-2817,prime builders
Jane,Wilson,jane.wilson@business.org,(544) 409-6285,GLOBAL LLC
Alice,Moore,alice.moore@business.org,(378) 824-6846,Global LLC
Alice,Moore,alice.moore@example.com,(501) 230-3911,Acme Corp
David,Smith,david.smith@yahoo.com,(826) 326-2705,nextgen realty
Alice,Wilson,alice.wilson@gmail.com,(527) 271-2453,prime builders
Emily,Smith,emily.smith@example.com,(909) 169-6742,Prime Builders
Jane,Smith,jane.smith@gmail.com,(950) 529-3725,NextGen Realty
Emily,Moore,emily.moore@example.com,(303) 948-8855,Global LLC
Alice,Taylor,alice.taylor@gmail.com,(234) 401-1328,prime builders
Michael,Johnson,michael.johnson@gmail.com,(584) 264-2228,acme corp
Sarah,Taylor,sarah.taylor@gmail.com,(869) 268-8113,GLOBAL LLC
John,Johnson,john.johnson@example.com,(394) 519-9849,Prime Builders
Michael,Miller,michael.miller@yahoo.com,(602) 685-9043,GLOBAL LLC
John,Wilson,john.wilson@gmail.com,(501) 943-8869,Global LLC
Jane,Smith,jane.smith@yahoo.com,(498) 183-8758,acme corp
Michael,Moore,michael.moore@business.org,(876) 371-2493,NextGen Realty
Alice,Wilson,alice.wilson@business.org,(656) 145-5313,nextgen realty
Emily,Miller,emily.miller@yahoo.com,(777) 163-3476,acme corp
Jane,Wilson,jane.wilson@business.org,(803) 332-1999,NextGen Realty
David,Taylor,david.taylor@yahoo.com,(280) 504-1568,GLOBAL LLC
Jane,Taylor,jane.taylor@yahoo.com,(371) 316-4157,GLOBAL LLC
John,Moore,john.moore@gmail.com,(645) 306-3422,Prime Builders
Sarah,Johnson,sarah.johnson@gmail.com,(606) 665-6343,Prime Builders
Emily,Smith,emily.smith@business.org,(353) 251-2641,acme corp
Jane,Miller,jane.miller@example.com,(470) 492-8955,nextgen realty
John,Brown,john.brown@example.com,(833) 723-7581,Acme Corp
David,Wilson,david.wilson@yahoo.com,(686) 375-7102,Acme Corp
Sarah,Miller,sarah.miller@example.com,(703) 978-2609,Global LLC
Alice,Miller,alice.miller@business.org,(528) 375-7828,acme corp
Bob,Taylor,bob.taylor@yahoo.com,(616) 858-8937,prime builders
John,Brown,john.brown@gmail.com,(718) 513-3222,Acme Corp
Alice,Davis,alice.davis@yahoo.com,(455) 133-8478,Acme Corp
Sarah,Davis,sarah.davis@example.com,(675) 617-7503,acme corp
John,Davis,john.davis@example.com,(656) 281-8775,prime builders
Sarah,Brown,sarah.brown@example.com,(905) 192-5670,Acme Corp
David,Smith,david.smith@yahoo.com,(998) 319-4626,Global LLC
Bob,Miller,bob.miller@business.org,(999) 885-1145,nextgen realty
Alice,Brown,alice.brown@gmail.com,(822) 924-6004,Prime Builders
David,Moore,david.moore@example.com,(423) 577-5950,NextGen Realty
Jane,Smith,jane.smith@example.com,(808) 723-5631,Prime Builders
Jane,Taylor,jane.taylor@gmail.com,(483) 755-6327,Prime Builders
Michael,Miller,michael.miller@yahoo.com,(983) 346-1930,NextGen Realty
Sarah,Brown,sarah.brown@gmail.com,(502) 365-7857,NextGen Realty
David,Smith,david.smith@yahoo.com,(930) 327-9759,nextgen realty
Sarah,Miller,sarah.miller@yahoo.com,(771) 285-5813,acme corp
Emily,Brown,emily.brown@example.com,(772) 881-3999,prime builders
Jane,Davis,jane.davis@example.com,(514) 530-6428,prime builders
Michael,Miller,michael.miller@business.org,(681) 154-2166,nextgen realty
Bob,Johnson,bob.johnson@business.org,(623) 155-3470,GLOBAL LLC
Bob,Wilson,bob.wilson@business.org,(668) 246-6183,GLOBAL LLC
Jane,Taylor,jane.taylor@example.com,(381) 420-1950,Acme Corp
Emily,Miller,emily.miller@yahoo.com,(372) 690-3595,nextgen realty
Jane,Brown,jane.brown@business.org,(613) 539-8821,NextGen Realty
John,Smith,john.smith@yahoo.com,(214) 429-9700,Global LLC
John,Smith,john.smith@yahoo.com,(552) 419-3112,acme corp
David,Miller,david.miller@yahoo.com,(246) 405-5764,nextgen realty
Sarah,Moore,sarah.moore@yahoo.com,(701) 467-4087,GLOBAL LLC
David,Smith,david.smith@yahoo.com,(334) 316-1359,GLOBAL LLC
Jane,Wilson,jane.wilson@gmail.com,(855) 361-9761,Acme Corp
John,Johnson,john.johnson@gmail.com,(318) 526-8279,NextGen Realty
Jane,Miller,jane.miller@business.org,(410) 811-1152,Prime Builders
David,Johnson,david.johnson@example.com,(917) 240-7862,acme corp
Jane,Miller,jane.miller@gmail.com,(709) 303-4272,Prime Builders
Bob,Wilson,bob.wilson@business.org,(240) 661-9132,Global LLC
Emily,Wilson,emily.wilson@yahoo.com,(887) 191-2809,nextgen realty
Alice,Johnson,alice.johnson@gmail.com,(303) 362-4787,nextgen realty
Michael,Miller,michael.miller@business.org,(378) 995-1646,Prime Builders
Sarah,Wilson,sarah.wilson@business.org,(297) 971-1751,Acme Corp
Alice,Brown,alice.brown@example.com,(648) 736-5395,acme corp
Sarah,Wilson,sarah.wilson@yahoo.com,(609) 567-5453,NextGen Realty
Emily,Moore,emily.moore@yahoo.com,(912) 843-1960,GLOBAL LLC
Jane,Moore,jane.moore@business.org,(894) 548-3969,NextGen Realty
Sarah,Smith,sarah.smith@yahoo.com,(699) 215-7738,nextgen realty
John,Johnson,john.johnson@example.com,(212) 821-9598,Global LLC
Sarah,Johnson,sarah.johnson@business.org,(454) 593-6664,NextGen Realty
Alice,Smith,alice.smith@gmail.com,(360) 617-8688,nextgen realty
Alice,Johnson,alice.johnson@business.org,(538) 384-1824,Global LLC
David,Moore,david.moore@yahoo.com,(654) 920-8341,acme corp
Emily,Taylor,emily.taylor@example.com,(709) 863-1291,acme corp
David,Moore,david.moore@gmail.com,(200) 945-2489,Prime Builders
Bob,Taylor,bob.taylor@example.com,(255) 936-4652,nextgen realty
Sarah,Taylor,sarah.taylor@example.com,(316) 199-4633,Acme Corp
Sarah,Wilson,sarah.wilson@example.com,(582) 818-2741,Acme Corp
Alice,Taylor,alice.taylor@yahoo.com,(960) 838-7704,acme corp
Michael,Davis,michael.davis@yahoo.com,(602) 320-8488,Global LLC
Sarah,Johnson,sarah.johnson@business.org,(848) 957-3018,nextgen realty
Emily,Brown,emily.brown@business.org,(953) 149-8091,nextgen realty
Alice,Brown,alice.brown@yahoo.com,(873) 714-6273,NextGen Realty
David,Davis,david.davis@example.com,(551) 401-8419,GLOBAL LLC
Alice,Moore,alice.moore@example.com,(760) 981-6143,Global LLC
