First Name,Last Name,Email,Phone,Company
JANE,smith, jane.smith@example.com ,(342) 854-2679,  acme corp 
david,smith, david.smith@gmail.com ,(438) 617-1434,Global LLC
david,DAVIS,david.davis@business.org,(206) 877-3615,NextGen Realty
 SARAH,miller, sarah.miller@yahoo.com ,(981) 444-2674,  acme corp 
david,JOHNSON,david.johnson@example.com,(818) 370-1711, nextgen realty
JANE,moore,jane.moore@gmail.com,(843) 733-6925,Global LLC
JANE,smith,jane.smith@yahoo.com,(281) 975-4814,  acme corp 
david,miller,david.miller@business.org,(573) 266-7065,prime builders 
BOB,miller,bob.miller@gmail.com,(375) 646-5010,GLOBAL LLC
EMILY,moore,emily.moore@example.com,(855) 804-4598,prime builders 
john,DAVIS,john.davis@gmail.com,(610) 374-2084,Global LLC
 SARAH,DAVIS,sarah.davis@business.org,(858) 569-3340,Prime Builders
 alice ,DAVIS,alice.davis@example.com,(638) 697-7543,prime builders 
BOB, brown , bob.brown@business.org ,(248) 981-2796,GLOBAL LLC
 alice ,moore,alice.moore@gmail.com,(810) 579-9669,Prime Builders
john,JOHNSON,john.johnson@example.com,(548) 214-5808,NextGen Realty
 alice ,taylor,alice.taylor@gmail.com,(936) 369-9201,GLOBAL LLC
JANE,miller, jane.miller@yahoo.com ,(980) 265-9837,Acme Corp
 SARAH,taylor, sarah.taylor@gmail.com ,(571) 999-6038,Global LLC
john,DAVIS, john.davis@gmail.com ,(697) 935-2133,GLOBAL LLC
 alice ,taylor, alice.taylor@yahoo.com ,(821) 533-4470,Global LLC
michael,moore,michael.moore@example.com,(729) 562-2982,Global LLC
BOB,JOHNSON, bob.johnson@example.com ,(767) 335-4608,Acme Corp
JANE,smith, jane.smith@yahoo.com ,(232) 980-6413,  acme corp 
BOB,miller, bob.miller@business.org ,(335) 840-8744,Global LLC
EMILY,moore, emily.moore@yahoo.com ,(874) 541-6804,NextGen Realty
david,taylor,david.taylor@gmail.com,(861) 200-1993,NextGen Realty
 SARAH,JOHNSON, sarah.johnson@yahoo.com ,(749) 559-3296,NextGen Realty
 alice ,miller, alice.miller@business.org ,(277) 553-2604,Acme Corp
john,JOHNSON, john.johnson@yahoo.com ,(697) 592-4502,NextGen Realty
john, brown , john.brown@business.org ,(599) 371-8454,Prime Builders
david,taylor, david.taylor@yahoo.com ,(422) 159-9883,Acme Corp
 SARAH,smith,sarah.smith@gmail.com,(714) 973-9701,GLOBAL LLC
john,JOHNSON, john.johnson@yahoo.com ,(269) 791-4853,NextGen Realty
JANE,DAVIS,jane.davis@gmail.com,(629) 773-9565,prime builders 
michael,DAVIS, michael.davis@example.com ,(605) 234-5915, nextgen realty
 SARAH,JOHNSON,sarah.johnson@gmail.com,(776) 202-2200,Global LLC
michael, brown ,michael.brown@example.com,(450) 478-5669,GLOBAL LLC
EMILY,miller,emily.miller@gmail.com,(767) 406-2697,GLOBAL LLC
michael,JOHNSON,michael.johnson@gmail.com,(359) 378-5616,Global LLC
 SARAH,DAVIS,sarah.davis@example.com,(457) 966-1832,  acme corp 
david,miller, david.miller@gmail.com ,(989) 233-5291,GLOBAL LLC
EMILY,moore, emily.moore@gmail.com ,(907) 252-9938,Acme Corp
 SARAH, brown , sarah.brown@business.org ,(515) 473-1653,prime builders 
BOB,DAVIS,bob.davis@gmail.com,(773) 995-7658,GLOBAL LLC
BOB, brown ,bob.brown@yahoo.com,(225) 283-6442,NextGen Realty
BOB,miller,bob.miller@yahoo.com,(310) 491-1634, nextgen realty
BOB,DAVIS,bob.davis@business.org,(433) 328-1387,Global LLC
david,WILSON,david.wilson@example.com,(991) 385-6753,NextGen Realty
 SARAH,smith,sarah.smith@gmail.com,(467) 282-5349,Acme Corp
JANE,moore,jane.moore@example.com,(521) 546-9379,  acme corp 
david,DAVIS, david.davis@example.com ,(646) 101-9518,Global LLC
 SARAH,moore,sarah.moore@gmail.com,(538) 738-6143,  acme corp 
michael,miller,michael.miller@business.org,(913) 402-3085,Global LLC
david,moore,david.moore@yahoo.com,(508) 515-9977,Acme Corp
michael,miller,michael.miller@yahoo.com,(793) 721-6279, nextgen realty
EMILY,taylor,emily.taylor@yahoo.com,(953) 273-2389,Prime Builders
 SARAH,JOHNSON,sarah.johnson@yahoo.com,(430) 925-4262,GLOBAL LLC
john,smith,john.smith@yahoo.com,(825) 970-2193, nextgen realty
david,DAVIS,david.davis@business.org,(449) 251-1090,  acme corp 
david,DAVIS,david.davis@yahoo.com,(912) 630-8611,Acme Corp
BOB,JOHNSON, bob.johnson@business.org ,(675) 783-9702,prime builders 
EMILY,moore,emily.moore@business.org,(961) 982-8777, nextgen realty
michael,DAVIS,michael.davis@example.com,(733) 596-4919,Prime Builders
EMILY,JOHNSON, emily.johnson@example.com ,(543) 427-9849,  acme corp 
 alice , brown ,alice.brown@yahoo.com,(356) 823-4505,  acme corp 
david,moore,david.moore@example.com,(625) 163-4388,NextGen Realty
david,smith,david.smith@business.org,(560) 405-7389,NextGen Realty
BOB,taylor, bob.taylor@yahoo.com ,(697) 129-7371,prime builders 
david, brown ,david.brown@business.org,(837) 646-1441,NextGen Realty
john,JOHNSON, john.johnson@business.org ,(672) 286-1823,Prime Builders
david,WILSON,david.wilson@yahoo.com,(545) 879-7211,Prime Builders
david,miller,david.miller@gmail.com,(967) 652-1853,prime builders 
BOB,JOHNSON,bob.johnson@gmail.com,(453) 304-1333,GLOBAL LLC
BOB, brown ,bob.brown@business.org,(777) 323-8619,Prime Builders
 SARAH, brown ,sarah.brown@gmail.com,(367) 418-2771,Acme Corp
michael,moore,michael.moore@business.org,(403) 177-4978,  acme corp 
michael,JOHNSON,michael.johnson@gmail.com,(638) 777-7071,  acme corp 
 SARAH,smith,sarah.smith@business.org,(308) 543-6934, nextgen realty
 alice ,moore,alice.moore@yahoo.com,(866) 376-9817, nextgen realty
EMILY,moore,emily.moore@example.com,(451) 950-2419,Prime Builders
EMILY,DAVIS,emily.davis@business.org,(884) 488-6511,Acme Corp
EMILY,WILSON,emily.wilson@yahoo.com,(563) 916-5232,prime builders 
michael,miller,michael.miller@gmail.com,(395) 187-4954,NextGen Realty
EMILY,DAVIS,emily.davis@business.org,(702) 558-1282,  acme corp 
michael,DAVIS,michael.davis@business.org,(513) 779-7046, nextgen realty
 SARAH,moore,sarah.moore@example.com,(664) 377-6023,Prime Builders
BOB,JOHNSON,bob.johnson@yahoo.com,(960) 648-4033,Global LLC
BOB,taylor,bob.taylor@example.com,(978) 637-5636,  acme corp 
BOB,miller,bob.miller@yahoo.com,(509) 114-9751,GLOBAL LLC
michael,smith,michael.smith@gmail.com,(914) 229-9042,  acme corp 
john,miller,john.miller@business.org,(548) 288-1841,Prime Builders
EMILY,JOHNSON,emily.johnson@gmail.com,(275) 690-1878,GLOBAL LLC
 alice ,miller,alice.miller@gmail.com,(321) 671-7818,Global LLC
david,taylor, david.taylor@business.org ,(802) 539-6003,Acme Corp
JANE,DAVIS, jane.davis@yahoo.com ,(283) 260-4929,GLOBAL LLC
JANE, brown ,jane.brown@gmail.com,(905) 708-8699,Prime Builders
john,DAVIS,john.davis@example.com,(919) 980-8438,  acme corp 
BOB,miller,bob.miller@yahoo.com,(757) 330-3441,Prime Builders
 alice ,JOHNSON, alice.johnson@gmail.com ,(514) 709-5728, nextgen realty
JANE,taylor,jane.taylor@example.com,(478) 612-9847, nextgen realty
EMILY,JOHNSON,emily.johnson@gmail.com,(952) 430-5102,Acme Corp
JANE,DAVIS,jane.davis@gmail.com,(888) 941-5415,Acme Corp
 alice ,taylor,alice.taylor@business.org,(385) 699-8141, nextgen realty
JANE,taylor,jane.taylor@example.com,(528) 786-2713,GLOBAL LLC
 SARAH,moore, sarah.moore@business.org ,(610) 933-1601, nextgen realty
JANE,WILSON,jane.wilson@example.com,(991) 513-9431,Acme Corp
EMILY,moore, emily.moore@gmail.com ,(570) 737-9167, nextgen realty
john,DAVIS,john.davis@example.com,(494) 548-8941,  acme corp 
john,DAVIS,john.davis@yahoo.com,(214) 665-7684,  acme corp 
BOB,JOHNSON,bob.johnson@business.org,(863) 952-3522, nextgen realty
michael,miller,michael.miller@business.org,(683) 349-8483,GLOBAL LLC
david,DAVIS,david.davis@yahoo.com,(482) 891-7798,prime builders 
michael,smith,michael.smith@example.com,(801) 693-9022,GLOBAL LLC
EMILY,taylor,emily.taylor@example.com,(981) 656-7180, nextgen realty
 SARAH,DAVIS,sarah.davis@yahoo.com,(439) 976-7730,Acme Corp
 SARAH,taylor,sarah.taylor@business.org,(879) 911-3492, nextgen realty
john, brown ,john.brown@example.com,(650) 202-9617, nextgen realty
john, brown ,john.brown@business.org,(358) 176-8692,Prime Builders
 SARAH,moore,sarah.moore@gmail.com,(890) 979-9742,NextGen Realty
 SARAH,taylor,sarah.taylor@gmail.com,(440) 746-5708,Global LLC
JANE,moore,jane.moore@gmail.com,(920) 993-2646, nextgen realty
 alice ,miller, alice.miller@gmail.com ,(257) 400-6873,prime builders 
david, brown ,david.brown@yahoo.com,(779) 798-3950,GLOBAL LLC
 alice ,JOHNSON,alice.johnson@business.org,(446) 609-3344,Global LLC
EMILY,miller, emily.miller@business.org ,(209) 923-8622,Prime Builders
 alice ,JOHNSON,alice.johnson@business.org,(801) 406-7951,Prime Builders
EMILY,miller,emily.miller@yahoo.com,(694) 209-4886,NextGen Realty
 SARAH,miller, sarah.miller@example.com ,(874) 505-5497,Acme Corp
john,taylor,john.taylor@example.com,(435) 721-6772,Global LLC
BOB,miller,bob.miller@yahoo.com,(842) 761-1645,Prime Builders
EMILY,smith,emily.smith@example.com,(292) 402-6352,NextGen Realty
 alice ,DAVIS,alice.davis@yahoo.com,(574) 643-9221,Prime Builders
 alice ,miller,alice.miller@business.org,(502) 864-6549,  acme corp 
EMILY,JOHNSON,emily.johnson@yahoo.com,(431) 980-7511,prime builders 
JANE,moore, jane.moore@gmail.com ,(326) 565-7038,Prime Builders
david,WILSON,david.wilson@gmail.com,(682) 125-6374,Global LLC
JANE,taylor,jane.taylor@example.com,(319) 243-1742,Acme Corp
michael,taylor, michael.taylor@gmail.com ,(750) 238-7367, nextgen realty
 SARAH,moore,sarah.moore@yahoo.com,(870) 201-9017,NextGen Realty
michael,smith, michael.smith@example.com ,(655) 341-6942,  acme corp 
 SARAH,WILSON,sarah.wilson@gmail.com,(394) 225-8450,  acme corp 
BOB,smith,bob.smith@gmail.com,(449) 228-4362,  acme corp 
BOB,DAVIS,bob.davis@yahoo.com,(351) 907-1046,Prime Builders
 alice , brown ,alice.brown@example.com,(312) 776-1422,GLOBAL LLC
john,WILSON,john.wilson@yahoo.com,(216) 278-5347,Acme Corp
 alice ,moore,alice.moore@gmail.com,(687) 559-6931,  acme corp 
EMILY,DAVIS,emily.davis@gmail.com,(874) 633-5941, nextgen realty
john,smith,john.smith@business.org,(636) 802-2768, nextgen realty
EMILY,JOHNSON,emily.johnson@gmail.com,(351) 167-3067,Prime Builders
 SARAH,moore,sarah.moore@example.com,(819) 540-2624,  acme corp 
BOB,moore,bob.moore@business.org,(623) 447-8430,NextGen Realty
david,JOHNSON,david.johnson@example.com,(881) 361-7132,GLOBAL LLC
EMILY,JOHNSON,emily.johnson@gmail.com,(295) 542-2582,prime builders 
 alice ,smith,alice.smith@example.com,(620) 462-7929,Acme Corp
michael,miller, michael.miller@example.com ,(719) 317-3535, nextgen realty
BOB,JOHNSON,bob.johnson@example.com,(576) 217-5564,Global LLC
david,smith, david.smith@example.com ,(479) 819-6062,prime builders 
 SARAH,smith,sarah.smith@yahoo.com,(779) 773-7566,  acme corp 
 alice ,smith,alice.smith@gmail.com,(420) 485-7878, nextgen realty
 SARAH, brown ,sarah.brown@example.com,(532) 895-2391,Acme Corp
 alice , brown ,alice.brown@gmail.com,(478) 553-7947, nextgen realty
EMILY,moore, emily.moore@example.com ,(724) 216-6655,NextGen Realty
JANE,miller,jane.miller@business.org,(515) 146-4612,NextGen Realty
john,smith,john.smith@yahoo.com,(416) 885-3248,Prime Builders
michael,WILSON, michael.wilson@gmail.com ,(964) 540-3878,GLOBAL LLC
david,DAVIS, david.davis@example.com ,(959) 143-8147,Acme Corp
EMILY,JOHNSON,emily.johnson@example.com,(787) 514-7843,Prime Builders
JANE,moore,jane.moore@gmail.com,(375) 920-8538,prime builders 
JANE,moore, jane.moore@gmail.com ,(803) 510-9584,  acme corp 
david,miller, david.miller@example.com ,(997) 272-2251,  acme corp 
BOB,WILSON,bob.wilson@example.com,(860) 934-3419,Global LLC
JANE, brown , jane.brown@example.com ,(816) 256-2234,GLOBAL LLC
EMILY,taylor,emily.taylor@business.org,(778) 758-6295,prime builders 
 alice ,taylor,alice.taylor@gmail.com,(846) 410-5500,Acme Corp
 SARAH,JOHNSON,sarah.johnson@example.com,(238) 158-7041,Prime Builders
JANE,JOHNSON,jane.johnson@business.org,(767) 910-1672, nextgen realty
BOB,WILSON,bob.wilson@business.org,(263) 561-2695,prime builders 
JANE, brown , jane.brown@gmail.com ,(648) 549-9586,GLOBAL LLC
 SARAH,WILSON,sarah.wilson@example.com,(993) 446-1857,prime builders 
JANE,WILSON,jane.wilson@gmail.com,(595) 390-5128,GLOBAL LLC
 SARAH,JOHNSON,sarah.johnson@yahoo.com,(517) 771-7421,GLOBAL LLC
JANE,miller,jane.miller@business.org,(536) 932-3093,  acme corp 
david,WILSON,david.wilson@gmail.com,(384) 319-6598, nextgen realty
BOB,DAVIS, bob.davis@yahoo.com ,(502) 964-2657,Acme Corp
 SARAH, brown , sarah.brown@business.org ,(385) 951-3712, nextgen realty
john,moore,john.moore@example.com,(443) 554-5668, nextgen realty
BOB,DAVIS,bob.davis@example.com,(680) 955-4178,prime builders 
EMILY,taylor,emily.taylor@example.com,(714) 640-7859,GLOBAL LLC
BOB, brown , bob.brown@example.com ,(692) 995-7081,  acme corp 
JANE,miller,jane.miller@gmail.com,(479) 560-9410,GLOBAL LLC
david,JOHNSON,david.johnson@yahoo.com,(557) 127-7797,Acme Corp
david,WILSON,david.wilson@yahoo.com,(283) 483-4678,Acme Corp
 SARAH,JOHNSON,sarah.johnson@example.com,(340) 139-5700, nextgen realty
 alice ,taylor,alice.taylor@business.org,(281) 119-5193,Global LLC
 alice ,moore,alice.moore@gmail.com,(443) 408-2996,Acme Corp
BOB,moore, bob.moore@business.org ,(711) 711-9782,Acme Corp
BOB, brown ,bob.brown@example.com,(829) 461-4941,NextGen Realty
 alice ,JOHNSON, alice.johnson@example.com ,(738) 657-9312,Acme Corp
david,taylor,david.taylor@gmail.com,(582) 359-1266,prime builders 
JANE,WILSON,jane.wilson@yahoo.com,(843) 206-6447,GLOBAL LLC
john,WILSON,john.wilson@example.com,(379) 950-8612, nextgen realty
 alice , brown ,alice.brown@gmail.com,(668) 137-5807,Global LLC
john,DAVIS,john.davis@gmail.com,(517) 627-7524, nextgen realty
michael,smith, michael.smith@yahoo.com ,(999) 148-6438,Prime Builders
JANE,WILSON,jane.wilson@business.org,(961) 550-7334,prime builders 
 alice ,taylor,alice.taylor@business.org,(731) 373-2353,NextGen Realty
JANE,moore,jane.moore@yahoo.com,(528) 205-2311,prime builders 
michael,miller,michael.miller@business.org,(636) 270-8272,prime builders 
EMILY,smith,emily.smith@example.com,(645) 381-1939,  acme corp 
david,WILSON,david.wilson@yahoo.com,(346) 969-8179,Acme Corp
 alice ,JOHNSON,alice.johnson@yahoo.com,(575) 470-7272,Acme Corp
 alice ,taylor,alice.taylor@example.com,(981) 178-3255,prime builders 
david,WILSON, david.wilson@example.com ,(316) 126-4048, nextgen realty
david,JOHNSON,david.johnson@example.com,(920) 556-4515,Prime Builders
EMILY,DAVIS, emily.davis@gmail.com ,(275) 562-3828, nextgen realty
JANE,WILSON,jane.wilson@example.com,(763) 655-5757,Prime Builders
 alice , brown ,alice.brown@example.com,(324) 305-3275,Global LLC
EMILY,smith,emily.smith@example.com,(577) 578-3126,  acme corp 
JANE,miller,jane.miller@business.org,(936) 590-9612,NextGen Realty
david,JOHNSON,david.johnson@yahoo.com,(857) 175-8372, nextgen realty
 SARAH, brown ,sarah.brown@yahoo.com,(332) 543-9238,Acme Corp
JANE, brown , jane.brown@example.com ,(530) 826-4694,prime builders 
michael,JOHNSON, michael.johnson@example.com ,(764) 381-3050,Prime Builders
JANE, brown , jane.brown@yahoo.com ,(839) 837-6531,Acme Corp
john,JOHNSON,john.johnson@gmail.com,(989) 690-5336,Global LLC
david,smith,david.smith@business.org,(758) 396-5949, nextgen realty
BOB,moore,bob.moore@example.com,(905) 161-3589, nextgen realty
david,taylor, david.taylor@business.org ,(821) 247-6121,prime builders 
 SARAH,moore,sarah.moore@yahoo.com,(727) 675-2739,prime builders 
BOB,taylor, bob.taylor@gmail.com ,(453) 244-2586,Acme Corp
michael,moore, michael.moore@business.org ,(363) 933-6364,prime builders 
BOB, brown ,bob.brown@business.org,(678) 610-6055, nextgen realty
john,JOHNSON,john.johnson@business.org,(446) 320-6781,Acme Corp
john,miller,john.miller@business.org,(869) 788-8710,Prime Builders
john,JOHNSON, john.johnson@business.org ,(470) 844-6992,NextGen Realty
 SARAH,smith, sarah.smith@business.org ,(775) 299-6939,Prime Builders
JANE,moore,jane.moore@business.org,(486) 945-2946,GLOBAL LLC
JANE,moore,jane.moore@example.com,(547) 671-6990,GLOBAL LLC
BOB,moore, bob.moore@gmail.com ,(340) 830-6456, nextgen realty
EMILY, brown ,emily.brown@yahoo.com,(827) 426-3662,NextGen Realty
michael,WILSON,michael.wilson@business.org,(506) 586-1272,prime builders 
 SARAH,JOHNSON,sarah.johnson@business.org,(942) 993-1436, nextgen realty
michael,DAVIS,michael.davis@gmail.com,(374) 636-7229,GLOBAL LLC
BOB,smith, bob.smith@gmail.com ,(651) 421-7861,GLOBAL LLC
david,DAVIS,david.davis@business.org,(826) 582-2020,GLOBAL LLC
BOB,WILSON,bob.wilson@business.org,(521) 277-8531,prime builders 
 SARAH,miller, sarah.miller@business.org ,(452) 385-5890,Global LLC
michael,miller,michael.miller@yahoo.com,(700) 424-8861,prime builders 
michael,miller,michael.miller@gmail.com,(756) 488-7464,prime builders 
 alice ,miller, alice.miller@gmail.com ,(931) 180-6674, nextgen realty
michael,taylor, michael.taylor@yahoo.com ,(751) 377-5450,GLOBAL LLC
JANE,DAVIS, jane.davis@yahoo.com ,(743) 331-4814,Acme Corp
JANE,moore,jane.moore@example.com,(302) 797-3252,Acme Corp
 alice ,moore,alice.moore@business.org,(404) 874-5706,prime builders 
michael,smith,michael.smith@gmail.com,(437) 647-1611,GLOBAL LLC
david, brown ,david.brown@gmail.com,(606) 906-9116,GLOBAL LLC
michael,smith, michael.smith@gmail.com ,(817) 209-6489,Prime Builders
EMILY,taylor,emily.taylor@yahoo.com,(679) 379-4159,  acme corp 
 SARAH, brown ,sarah.brown@business.org,(935) 290-1230,prime builders 
michael,DAVIS,michael.davis@yahoo.com,(854) 515-8007,prime builders 
JANE,moore, jane.moore@gmail.com ,(343) 588-6301,Global LLC
john,miller, john.miller@business.org ,(971) 373-6400,Prime Builders
john,miller,john.miller@example.com,(263) 783-2936, nextgen realty
michael, brown ,michael.brown@business.org,(920) 888-6095,  acme corp 
michael,WILSON, michael.wilson@yahoo.com ,(336) 589-3509, nextgen realty
 SARAH,moore,sarah.moore@business.org,(880) 945-4578,Global LLC
JANE,taylor, jane.taylor@example.com ,(777) 214-2011,Global LLC
 alice , brown ,alice.brown@example.com,(652) 219-4365, nextgen realty
JANE,taylor,jane.taylor@gmail.com,(725) 525-8484,Acme Corp
EMILY,miller,emily.miller@gmail.com,(203) 863-4570,  acme corp 
john,moore,john.moore@example.com,(754) 161-2130, nextgen realty
john,miller, john.miller@business.org ,(338) 884-7887,prime builders 
david,taylor,david.taylor@business.org,(899) 777-9835,GLOBAL LLC
 SARAH,JOHNSON,sarah.johnson@yahoo.com,(602) 641-3086,Global LLC
john,smith,john.smith@example.com,(936) 657-7948,NextGen Realty
BOB,DAVIS,bob.davis@business.org,(482) 293-2848,Acme Corp
david,smith, david.smith@yahoo.com ,(303) 708-1550, nextgen realty
john,DAVIS,john.davis@gmail.com,(439) 652-4559,Acme Corp
 alice ,miller,alice.miller@yahoo.com,(949) 689-6224,prime builders 
BOB,miller,bob.miller@yahoo.com,(733) 326-7775,Prime Builders
michael,smith,michael.smith@yahoo.com,(637) 669-9120,Acme Corp
 SARAH,moore,sarah.moore@example.com,(618) 252-5913,NextGen Realty
 alice ,taylor,alice.taylor@yahoo.com,(507) 978-3365, nextgen realty
john,moore,john.moore@business.org,(337) 497-4978,Prime Builders
BOB,WILSON,bob.wilson@gmail.com,(579) 194-9775,Global LLC
john,miller,john.miller@business.org,(817) 140-2192,Global LLC
BOB,taylor,bob.taylor@yahoo.com,(540) 410-1251,Global LLC
BOB,JOHNSON,bob.johnson@business.org,(912) 718-4350,NextGen Realty
BOB,WILSON,bob.wilson@example.com,(746) 764-6886,Prime Builders
michael,WILSON,michael.wilson@business.org,(939) 580-6246,Global LLC
 SARAH,WILSON, sarah.wilson@business.org ,(426) 859-3390,Acme Corp
michael,moore, michael.moore@example.com ,(537) 335-7223,Global LLC
EMILY,WILSON,emily.wilson@example.com,(700) 840-9037, nextgen realty
 alice ,WILSON, alice.wilson@yahoo.com ,(759) 600-4015,Acme Corp
john,JOHNSON,john.johnson@gmail.com,(622) 240-4791,  acme corp 
 alice ,smith,alice.smith@yahoo.com,(582) 161-8916, nextgen realty
john,smith, john.smith@business.org ,(742) 839-5501,Prime Builders
john,moore, john.moore@yahoo.com ,(298) 636-3439,Global LLC
BOB,miller, bob.miller@example.com ,(606) 180-7112,NextGen Realty
EMILY,DAVIS, emily.davis@yahoo.com ,(282) 769-1519,  acme corp 
david,moore,david.moore@business.org,(257) 752-1154,GLOBAL LLC
JANE,taylor,jane.taylor@business.org,(539) 679-2562,Acme Corp
BOB,DAVIS, bob.davis@business.org ,(276) 800-5593,Acme Corp
 alice ,WILSON,alice.wilson@gmail.com,(801) 247-7525,  acme corp 
michael, brown ,michael.brown@yahoo.com,(598) 793-9856,prime builders 
david, brown ,david.brown@gmail.com,(554) 154-2600,NextGen Realty
BOB,JOHNSON,bob.johnson@example.com,(828) 709-7499,prime builders 
john,miller,john.miller@business.org,(564) 666-7150,NextGen Realty
 alice ,moore,alice.moore@gmail.com,(502) 917-5037,  acme corp 
JANE,miller,jane.miller@yahoo.com,(849) 257-7383,prime builders 
 SARAH,JOHNSON, sarah.johnson@gmail.com ,(515) 555-6896,Prime Builders
JANE, brown , jane.brown@gmail.com ,(659) 670-9395,NextGen Realty
JANE,smith,jane.smith@gmail.com,(295) 711-6315,NextGen Realty
john,miller,john.miller@business.org,(286) 842-4977,GLOBAL LLC
david, brown , david.brown@yahoo.com ,(474) 604-3390,  acme corp 
 alice ,moore,alice.moore@example.com,(695) 901-2260,prime builders 
michael,DAVIS,michael.davis@business.org,(400) 568-2752,GLOBAL LLC
michael,smith,michael.smith@business.org,(835) 489-6399, nextgen realty
 SARAH,moore,sarah.moore@yahoo.com,(817) 811-4290, nextgen realty
 SARAH, brown ,sarah.brown@business.org,(498) 852-9044,Global LLC
 SARAH,moore,sarah.moore@example.com,(602) 473-2865,Global LLC
 alice ,smith,alice.smith@business.org,(414) 548-5773,  acme corp 
david,taylor,david.taylor@yahoo.com,(447) 358-3525,NextGen Realty
david,JOHNSON,david.johnson@business.org,(690) 696-7566,NextGen Realty
john,WILSON, john.wilson@gmail.com ,(454) 773-6816,GLOBAL LLC
john,moore,john.moore@example.com,(640) 208-1172,  acme corp 
michael,DAVIS,michael.davis@yahoo.com,(600) 574-9199,GLOBAL LLC
 SARAH,smith, sarah.smith@business.org ,(625) 187-2901,GLOBAL LLC
 SARAH,miller,sarah.miller@example.com,(411) 633-8912,prime builders 
EMILY,JOHNSON,emily.johnson@business.org,(663) 426-2100,Prime Builders
john,JOHNSON,john.johnson@gmail.com,(863) 211-3692,Global LLC
 alice , brown ,alice.brown@example.com,(673) 337-7636,GLOBAL LLC
 alice ,moore, alice.moore@business.org ,(828) 302-8365,NextGen Realty
david,smith, david.smith@yahoo.com ,(970) 820-2025,  acme corp 
 alice ,WILSON, alice.wilson@example.com ,(316) 368-9019,prime builders 
david,moore,david.moore@gmail.com,(668) 732-3826,Prime Builders
JANE, brown , jane.brown@example.com ,(512) 219-3999,prime builders 
 alice ,moore,alice.moore@business.org,(788) 492-7931,GLOBAL LLC
EMILY, brown ,emily.brown@yahoo.com,(343) 291-6154, nextgen realty
john,WILSON,john.wilson@gmail.com,(399) 934-7290, nextgen realty
david,taylor,david.taylor@business.org,(654) 600-3740,  acme corp 
john,DAVIS, john.davis@example.com ,(430) 650-5729,GLOBAL LLC
EMILY,taylor,emily.taylor@gmail.com,(474) 893-9898,prime builders 
john,taylor,john.taylor@yahoo.com,(304) 853-5055,Prime Builders
john,taylor,john.taylor@example.com,(289) 549-2923,Global LLC
BOB,WILSON, bob.wilson@business.org ,(342) 903-4385,Global LLC
john,WILSON,john.wilson@example.com,(372) 431-5794,Prime Builders
michael,JOHNSON,michael.johnson@yahoo.com,(621) 160-5543,GLOBAL LLC
 alice ,DAVIS,alice.davis@yahoo.com,(453) 879-7434, nextgen realty
 alice ,miller,alice.miller@business.org,(277) 748-2525,NextGen Realty
michael,WILSON,michael.wilson@business.org,(535) 695-1040,  acme corp 
EMILY,WILSON,emily.wilson@gmail.com,(607) 323-8039,Global LLC
EMILY,miller,emily.miller@example.com,(545) 660-3139, nextgen realty
 SARAH,smith, sarah.smith@gmail.com ,(670) 116-3035,GLOBAL LLC
EMILY,taylor,emily.taylor@gmail.com,(638) 307-3161,Prime Builders
 alice ,miller,alice.miller@gmail.com,(456) 184-7092,GLOBAL LLC
john,moore,john.moore@example.com,(973) 339-8032,  acme corp 
JANE,smith,jane.smith@yahoo.com,(335) 707-4705, nextgen realty
john,smith,john.smith@example.com,(632) 810-3165, nextgen realty
JANE,DAVIS, jane.davis@business.org ,(304) 205-6133,prime builders 
michael, brown ,michael.brown@business.org,(971) 995-3181,GLOBAL LLC
JANE,smith,jane.smith@yahoo.com,(939) 318-3480,NextGen Realty
EMILY,DAVIS,emily.davis@gmail.com,(343) 870-3017,NextGen Realty
 SARAH,moore,sarah.moore@example.com,(453) 383-2380,Global LLC
michael,smith, michael.smith@example.com ,(821) 621-4090,NextGen Realty
michael,smith,michael.smith@yahoo.com,(315) 346-9185,  acme corp 
john,WILSON, john.wilson@example.com ,(782) 530-6986,GLOBAL LLC
EMILY,JOHNSON,emily.johnson@gmail.com,(214) 368-4534,Acme Corp
john,moore,john.moore@example.com,(713) 885-7806,NextGen Realty
david,JOHNSON, david.johnson@yahoo.com ,(517) 180-9377,Global LLC
 alice ,WILSON,alice.wilson@business.org,(981) 954-2083,Prime Builders
david,DAVIS, david.davis@gmail.com ,(644) 218-8428,Acme Corp
michael, brown , michael.brown@gmail.com ,(340) 818-1185,GLOBAL LLC
EMILY,WILSON, emily.wilson@example.com ,(329) 867-5403,  acme corp 
john,WILSON, john.wilson@business.org ,(265) 369-2262, nextgen realty
EMILY,WILSON,emily.wilson@gmail.com,(780) 270-7024,GLOBAL LLC
michael,JOHNSON, michael.johnson@gmail.com ,(721) 102-1721,Acme Corp
BOB,smith,bob.smith@business.org,(353) 283-1579,NextGen Realty
BOB,WILSON,bob.wilson@yahoo.com,(937) 427-5444,  acme corp 
 SARAH,JOHNSON, sarah.johnson@gmail.com ,(728) 147-7568,  acme corp 
EMILY,miller,emily.miller@example.com,(766) 567-1130,prime builders 
BOB,miller,bob.miller@example.com,(448) 575-7033, nextgen realty
BOB,DAVIS, bob.davis@yahoo.com ,(619) 124-4817,prime builders 
john,WILSON,john.wilson@gmail.com,(585) 969-6038,  acme corp 
BOB,DAVIS,bob.davis@business.org,(261) 245-5584,  acme corp 
john,DAVIS,john.davis@business.org,(581) 569-2391,  acme corp 
 alice ,moore,alice.moore@gmail.com,(263) 545-3141,Global LLC
michael,miller,michael.miller@example.com,(602) 817-6345,prime builders 
EMILY,miller, emily.miller@yahoo.com ,(407) 239-2785,GLOBAL LLC
JANE, brown ,jane.brown@business.org,(616) 223-9780,prime builders 
BOB,taylor,bob.taylor@example.com,(322) 192-3582,Prime Builders
john,DAVIS, john.davis@example.com ,(928) 354-6828,NextGen Realty
john,miller,john.miller@example.com,(378) 131-7625, nextgen realty
BOB,JOHNSON, bob.johnson@business.org ,(343) 224-1195,Acme Corp
BOB, brown ,bob.brown@yahoo.com,(581) 802-2376,Prime Builders
JANE,smith, jane.smith@gmail.com ,(861) 554-3110,  acme corp 
 SARAH,JOHNSON,sarah.johnson@gmail.com,(251) 272-8096,NextGen Realty
EMILY,smith,emily.smith@business.org,(376) 462-4517,GLOBAL LLC
michael,miller,michael.miller@business.org,(235) 728-5026,Prime Builders
EMILY,moore, emily.moore@business.org ,(486) 492-3248,NextGen Realty
BOB,DAVIS,bob.davis@gmail.com,(930) 467-8859, nextgen realty
 SARAH,WILSON, sarah.wilson@business.org ,(226) 426-4588,Acme Corp
michael,smith,michael.smith@business.org,(985) 698-4813,GLOBAL LLC
JANE,DAVIS, jane.davis@yahoo.com ,(954) 157-4594,NextGen Realty
 SARAH, brown , sarah.brown@yahoo.com ,(525) 925-6878,Acme Corp
 SARAH, brown ,sarah.brown@yahoo.com,(704) 655-6063,GLOBAL LLC
EMILY,smith, emily.smith@gmail.com ,(816) 324-1326, nextgen realty
john,WILSON,john.wilson@yahoo.com,(548) 834-3907,prime builders 
john,smith,john.smith@yahoo.com,(345) 892-2817,prime builders 
JANE,WILSON,jane.wilson@business.org,(544) 409-6285,GLOBAL LLC
 alice ,moore,alice.moore@business.org,(378) 824-6846,Global LLC
 alice ,moore,alice.moore@example.com,(501) 230-3911,Acme Corp
david,smith,david.smith@yahoo.com,(826) 326-2705, nextgen realty
 alice ,WILSON, alice.wilson@gmail.com ,(527) 271-2453,prime builders 
EMILY,smith, emily.smith@example.com ,(909) 169-6742,Prime Builders
JANE,smith,jane.smith@gmail.com,(950) 529-3725,NextGen Realty
EMILY,moore,emily.moore@example.com,(303) 948-8855,Global LLC
 alice ,taylor,alice.taylor@gmail.com,(234) 401-1328,prime builders 
michael,JOHNSON,michael.johnson@gmail.com,(584) 264-2228,  acme corp 
 SARAH,taylor,sarah.taylor@gmail.com,(869) 268-8113,GLOBAL LLC
john,JOHNSON, john.johnson@example.com ,(394) 519-9849,Prime Builders
michael,miller, michael.miller@yahoo.com ,(602) 685-9043,GLOBAL LLC
john,WILSON,john.wilson@gmail.com,(501) 943-8869,Global LLC
JANE,smith, jane.smith@yahoo.com ,(498) 183-8758,  acme corp 
michael,moore,michael.moore@business.org,(876) 371-2493,NextGen Realty
 alice ,WILSON,alice.wilson@business.org,(656) 145-5313, nextgen realty
EMILY,miller,emily.miller@yahoo.com,(777) 163-3476,  acme corp 
JANE,WILSON,jane.wilson@business.org,(803) 332-1999,NextGen Realty
david,taylor,david.taylor@yahoo.com,(280) 504-1568,GLOBAL LLC
JANE,taylor,jane.taylor@yahoo.com,(371) 316-4157,GLOBAL LLC
john,moore,john.moore@gmail.com,(645) 306-3422,Prime Builders
 SARAH,JOHNSON,sarah.johnson@gmail.com,(606) 665-6343,Prime Builders
EMILY,smith, emily.smith@business.org ,(353) 251-2641,  acme corp 
JANE,miller,jane.miller@example.com,(470) 492-8955, nextgen realty
john, brown ,john.brown@example.com,(833) 723-7581,Acme Corp
david,WILSON, david.wilson@yahoo.com ,(686) 375-7102,Acme Corp
 SARAH,miller, sarah.miller@example.com ,(703) 978-2609,Global LLC
 alice ,miller,alice.miller@business.org,(528) 375-7828,  acme corp 
BOB,taylor,bob.taylor@yahoo.com,(616) 858-8937,prime builders 
john, brown ,john.brown@gmail.com,(718) 513-3222,Acme Corp
 alice ,DAVIS,alice.davis@yahoo.com,(455) 133-8478,Acme Corp
 SARAH,DAVIS,sarah.davis@example.com,(675) 617-7503,  acme corp 
john,DAVIS,john.davis@example.com,(656) 281-8775,prime builders 
 SARAH, brown ,sarah.brown@example.com,(905) 192-5670,Acme Corp
david,smith,david.smith@yahoo.com,(998) 319-4626,Global LLC
BOB,miller,bob.miller@business.org,(999) 885-1145, nextgen realty
 alice , brown , alice.brown@gmail.com ,(822) 924-6004,Prime Builders
david,moore,david.moore@example.com,(423) 577-5950,NextGen Realty
JANE,smith,jane.smith@example.com,(808) 723-5631,Prime Builders
JANE,taylor,jane.taylor@gmail.com,(483) 755-6327,Prime Builders
michael,miller, michael.miller@yahoo.com ,(983) 346-1930,NextGen Realty
 SARAH, brown ,sarah.brown@gmail.com,(502) 365-7857,NextGen Realty
david,smith,david.smith@yahoo.com,(930) 327-9759, nextgen realty
 SARAH,miller,sarah.miller@yahoo.com,(771) 285-5813,  acme corp 
EMILY, brown ,emily.brown@example.com,(772) 881-3999,prime builders 
JANE,DAVIS, jane.davis@example.com ,(514) 530-6428,prime builders 
michael,miller,michael.miller@business.org,(681) 154-2166, nextgen realty
BOB,JOHNSON,bob.johnson@business.org,(623) 155-3470,GLOBAL LLC
BOB,WILSON,bob.wilson@business.org,(668) 246-6183,GLOBAL LLC
JANE,taylor,jane.taylor@example.com,(381) 420-1950,Acme Corp
EMILY,miller,emily.miller@yahoo.com,(372) 690-3595, nextgen realty
JANE, brown ,jane.brown@business.org,(613) 539-8821,NextGen Realty
john,smith,john.smith@yahoo.com,(214) 429-9700,Global LLC
john,smith, john.smith@yahoo.com ,(552) 419-3112,  acme corp 
david,miller, david.miller@yahoo.com ,(246) 405-5764, nextgen realty
 SARAH,moore,sarah.moore@yahoo.com,(701) 467-4087,GLOBAL LLC
david,smith, david.smith@yahoo.com ,(334) 316-1359,GLOBAL LLC
JANE,WILSON,jane.wilson@gmail.com,(855) 361-9761,Acme Corp
john,JOHNSON, john.johnson@gmail.com ,(318) 526-8279,NextGen Realty
JANE,miller,jane.miller@business.org,(410) 811-1152,Prime Builders
david,JOHNSON,david.johnson@example.com,(917) 240-7862,  acme corp 
JANE,miller,jane.miller@gmail.com,(709) 303-4272,Prime Builders
BOB,WILSON, bob.wilson@business.org ,(240) 661-9132,Global LLC
EMILY,WILSON, emily.wilson@yahoo.com ,(887) 191-2809, nextgen realty
 alice ,JOHNSON,alice.johnson@gmail.com,(303) 362-4787, nextgen realty
michael,miller, michael.miller@business.org ,(378) 995-1646,Prime Builders
 SARAH,WILSON,sarah.wilson@business.org,(297) 971-1751,Acme Corp
 alice , brown ,alice.brown@example.com,(648) 736-5395,  acme corp 
 SARAH,WILSON, sarah.wilson@yahoo.com ,(609) 567-5453,NextGen Realty
EMILY,moore, emily.moore@yahoo.com ,(912) 843-1960,GLOBAL LLC
JANE,moore,jane.moore@business.org,(894) 548-3969,NextGen Realty
 SARAH,smith,sarah.smith@yahoo.com,(699) 215-7738, nextgen realty
john,JOHNSON,john.johnson@example.com,(212) 821-9598,Global LLC
 SARAH,JOHNSON,sarah.johnson@business.org,(454) 593-6664,NextGen Realty
 alice ,smith,alice.smith@gmail.com,(360) 617-8688, nextgen realty
 alice ,JOHNSON,alice.johnson@business.org,(538) 384-1824,Global LLC
david,moore, david.moore@yahoo.com ,(654) 920-8341,  acme corp 
EMILY,taylor, emily.taylor@example.com ,(709) 863-1291,  acme corp 
david,moore,david.moore@gmail.com,(200) 945-2489,Prime Builders
BOB,taylor,bob.taylor@example.com,(255) 936-4652, nextgen realty
 SARAH,taylor,sarah.taylor@example.com,(316) 199-4633,Acme Corp
 SARAH,WILSON,sarah.wilson@example.com,(582) 818-2741,Acme Corp
 alice ,taylor,alice.taylor@yahoo.com,(960) 838-7704,  acme corp 
michael,DAVIS, michael.davis@yahoo.com ,(602) 320-8488,Global LLC
 SARAH,JOHNSON, sarah.johnson@business.org ,(848) 957-3018, nextgen realty
EMILY, brown , emily.brown@business.org ,(953) 149-8091, nextgen realty
 alice , brown , alice.brown@yahoo.com ,(873) 714-6273,NextGen Realty
david,DAVIS,david.davis@example.com,(551) 401-8419,GLOBAL LLC
 alice ,moore,alice.moore@example.com,(760) 981-6143,Global LLC
JANE,DAVIS,jane.davis@gmail.com,(888) 941-5415,Acme Corp
EMILY,moore, emily.moore@gmail.com ,(570) 737-9167, nextgen realty
 SARAH,moore,sarah.moore@yahoo.com,(817) 811-4290, nextgen realty
michael,smith, michael.smith@example.com ,(821) 621-4090,NextGen Realty
john,smith,john.smith@business.org,(636) 802-2768, nextgen realty
michael,WILSON,michael.wilson@business.org,(535) 695-1040,  acme corp 
JANE,JOHNSON,jane.johnson@business.org,(767) 910-1672, nextgen realty
david,JOHNSON,david.johnson@example.com,(917) 240-7862,  acme corp 
john,taylor,john.taylor@yahoo.com,(304) 853-5055,Prime Builders
david,smith,david.smith@business.org,(560) 405-7389,NextGen Realty
 SARAH,moore,sarah.moore@yahoo.com,(817) 811-4290, nextgen realty
EMILY,DAVIS,emily.davis@gmail.com,(343) 870-3017,NextGen Realty
JANE,miller,jane.miller@business.org,(536) 932-3093,  acme corp 
EMILY,JOHNSON,emily.johnson@business.org,(663) 426-2100,Prime Builders
john, brown ,john.brown@business.org,(358) 176-8692,Prime Builders
JANE,DAVIS, jane.davis@business.org ,(304) 205-6133,prime builders 
 SARAH,taylor,sarah.taylor@example.com,(316) 199-4633,Acme Corp
EMILY,miller,emily.miller@yahoo.com,(777) 163-3476,  acme corp 
michael,moore, michael.moore@example.com ,(537) 335-7223,Global LLC
 SARAH,JOHNSON,sarah.johnson@gmail.com,(606) 665-6343,Prime Builders
BOB, brown , bob.brown@business.org ,(248) 981-2796,GLOBAL LLC
john,DAVIS,john.davis@yahoo.com,(214) 665-7684,  acme corp 
EMILY,moore, emily.moore@yahoo.com ,(874) 541-6804,NextGen Realty
JANE, brown ,jane.brown@business.org,(616) 223-9780,prime builders 
john,smith,john.smith@business.org,(636) 802-2768, nextgen realty
david,moore,david.moore@yahoo.com,(508) 515-9977,Acme Corp
 SARAH,JOHNSON,sarah.johnson@yahoo.com,(430) 925-4262,GLOBAL LLC
michael,smith, michael.smith@yahoo.com ,(999) 148-6438,Prime Builders
david,taylor,david.taylor@business.org,(899) 777-9835,GLOBAL LLC
john,smith,john.smith@yahoo.com,(416) 885-3248,Prime Builders
EMILY,WILSON,emily.wilson@example.com,(700) 840-9037, nextgen realty
david, brown ,david.brown@gmail.com,(606) 906-9116,GLOBAL LLC
EMILY,JOHNSON,emily.johnson@gmail.com,(351) 167-3067,Prime Builders
michael,DAVIS,michael.davis@example.com,(733) 596-4919,Prime Builders
JANE,taylor,jane.taylor@business.org,(539) 679-2562,Acme Corp
michael,miller,michael.miller@business.org,(636) 270-8272,prime builders 
john,JOHNSON, john.johnson@yahoo.com ,(269) 791-4853,NextGen Realty
john,WILSON, john.wilson@example.com ,(782) 530-6986,GLOBAL LLC
john,smith,john.smith@yahoo.com,(214) 429-9700,Global LLC
JANE,taylor,jane.taylor@example.com,(528) 786-2713,GLOBAL LLC
 SARAH,moore,sarah.moore@yahoo.com,(727) 675-2739,prime builders 
EMILY,smith,emily.smith@business.org,(376) 462-4517,GLOBAL LLC
michael,DAVIS,michael.davis@gmail.com,(374) 636-7229,GLOBAL LLC
JANE, brown ,jane.brown@business.org,(616) 223-9780,prime builders 
 alice ,WILSON, alice.wilson@yahoo.com ,(759) 600-4015,Acme Corp
david,WILSON,david.wilson@example.com,(991) 385-6753,NextGen Realty
JANE, brown ,jane.brown@business.org,(616) 223-9780,prime builders 
JANE,smith, jane.smith@gmail.com ,(861) 554-3110,  acme corp 
 alice ,WILSON,alice.wilson@business.org,(656) 145-5313, nextgen realty
 SARAH, brown ,sarah.brown@business.org,(498) 852-9044,Global LLC
